{
  "properties": {
    "connectionReferences": {},
    "definition": {
      "$schema": "https://schema.management.azure.com/providers/Microsoft.Logic/schemas/2016-06-01/workflowdefinition.json#",
      "contentVersion": "1.0.0.0",
      "parameters": {
        "$authentication": {
          "defaultValue": {},
          "type": "SecureObject"
        }
      },
      "triggers": {
        "manual": {
          "metadata": {
            "operationMetadataId": "0c1ed182-83e1-4b45-b81e-4e6a75630efd"
          },
          "type": "Request",
          "kind": "Button",
          "inputs": {
            "schema": {
              "type": "object",
              "properties": {
                "text": {
                  "title": "clientId",
                  "type": "string",
                  "x-ms-dynamically-added": true,
                  "description": "Please enter your input",
                  "x-ms-content-hint": "TEXT"
                },
                "text_1": {
                  "title": "clientSecret",
                  "type": "string",
                  "x-ms-dynamically-added": true,
                  "description": "Please enter your input",
                  "x-ms-content-hint": "TEXT"
                },
                "text_2": {
                  "title": "envId",
                  "type": "string",
                  "x-ms-dynamically-added": true,
                  "description": "Please enter your input",
                  "x-ms-content-hint": "TEXT"
                },
                "text_4": {
                  "title": "tokenScope",
                  "type": "string",
                  "x-ms-dynamically-added": true,
                  "description": "Please enter your input",
                  "x-ms-content-hint": "TEXT"
                },
                "text_5": {
                  "title": "tokenPath",
                  "type": "string",
                  "x-ms-dynamically-added": true,
                  "description": "Please enter your input",
                  "x-ms-content-hint": "TEXT"
                }
              },
              "required": [
                "text",
                "text_1",
                "text_2",
                "text_4",
                "text_5"
              ]
            }
          }
        }
      },
      "actions": {
        "Initialize_variable": {
          "runAfter": {},
          "metadata": {
            "operationMetadataId": "ea92e7ef-daea-4a4a-bfaf-e1673e844dff"
          },
          "type": "InitializeVariable",
          "inputs": {
            "variables": [
              {
                "name": "client_id",
                "type": "string",
                "value": "@triggerBody()['text']"
              }
            ]
          }
        },
        "Initialize_variable_2": {
          "runAfter": {
            "Initialize_variable": [
              "Succeeded"
            ]
          },
          "metadata": {
            "operationMetadataId": "c2c51506-809c-40f3-93af-df88e906288f"
          },
          "type": "InitializeVariable",
          "inputs": {
            "variables": [
              {
                "name": "client_secret",
                "type": "string",
                "value": "@triggerBody()['text_1']"
              }
            ]
          }
        },
        "Initialize_variable_3": {
          "runAfter": {
            "Initialize_variable_2": [
              "Succeeded"
            ]
          },
          "metadata": {
            "operationMetadataId": "2f064a15-448a-48d9-a477-61535779ab4e"
          },
          "type": "InitializeVariable",
          "inputs": {
            "variables": [
              {
                "name": "environmentID",
                "type": "string",
                "value": "@triggerBody()['text_2']"
              }
            ]
          }
        },
        "Get_AAD_token": {
          "runAfter": {
            "Initialize_variable_6": [
              "Succeeded"
            ]
          },
          "metadata": {
            "operationMetadataId": "bbcda54c-60dd-46ad-91ac-a04f32a2c001"
          },
          "type": "Http",
          "inputs": {
            "method": "POST",
            "uri": "https://login.microsoftonline.com/679c5e19-082b-457e-9afc-ad7f3ad846b3/oauth2/v2.0/token",
            "headers": {
              "Content-Type": "application/x-www-form-urlencoded"
            },
            "body": "client_id=@{variables('client_id')}&client_secret=@{variables('client_secret')}&grant_type=client_credentials&scope=0cdb527f-a8d1-4bf8-9436-b352c68682b2/.default"
          }
        },
        "Parse_AAD_token_response": {
          "runAfter": {
            "Get_AAD_token": [
              "Succeeded"
            ]
          },
          "metadata": {
            "operationMetadataId": "c3fdbb36-b348-4529-abaa-6e71a017b824"
          },
          "type": "ParseJson",
          "inputs": {
            "content": "@body('Get_AAD_token')",
            "schema": {
              "type": "object",
              "properties": {
                "token_type": {
                  "type": "string"
                },
                "expires_in": {
                  "type": "integer"
                },
                "ext_expires_in": {
                  "type": "integer"
                },
                "access_token": {
                  "type": "string"
                }
              }
            }
          }
        },
        "Get_Bear_token": {
          "runAfter": {
            "Parse_AAD_token_response": [
              "Succeeded"
            ]
          },
          "metadata": {
            "operationMetadataId": "9535b36f-4758-44e0-bd4d-fb0d32b9d827"
          },
          "type": "Http",
          "inputs": {
            "method": "POST",
            "uri": "https://securityservice.@{variables('token_path')}/token",
            "headers": {
              "Content-Type": "application/json"
            },
            "body": {
              "grant_type": "client_credentials",
              "client_assertion_type": "aad_app",
              "client_assertion": "@{body('Parse_AAD_token_response')?['access_token']}",
              "scope": "@{variables('token_scope')}",
              "context": "@{variables('environmentID')}",
              "context_type": "finops-env"
            }
          }
        },
        "Response": {
          "runAfter": {
            "Get_Bear_token": [
              "Succeeded"
            ]
          },
          "metadata": {
            "operationMetadataId": "c184ed4b-2e73-494d-91f9-9a6c5745a78c"
          },
          "type": "Response",
          "kind": "Http",
          "inputs": {
            "statusCode": 200,
            "body": "@body('Get_Bear_token')",
            "schema": {
              "type": "object",
              "properties": {
                "access_token": {
                  "type": "string"
                },
                "token_type": {
                  "type": "string"
                },
                "expires_in": {
                  "type": "integer"
                }
              }
            }
          }
        },
        "Initialize_variable_5": {
          "runAfter": {
            "Initialize_variable_3": [
              "Succeeded"
            ]
          },
          "metadata": {
            "operationMetadataId": "b3131762-9f72-4675-9f3c-ea0e6f58ebe2"
          },
          "type": "InitializeVariable",
          "inputs": {
            "variables": [
              {
                "name": "token_scope",
                "type": "string",
                "value": "@triggerBody()['text_4']"
              }
            ]
          }
        },
        "Initialize_variable_6": {
          "runAfter": {
            "Initialize_variable_5": [
              "Succeeded"
            ]
          },
          "metadata": {
            "operationMetadataId": "05fe7763-36cb-4440-a0c3-d118c5254722"
          },
          "type": "InitializeVariable",
          "inputs": {
            "variables": [
              {
                "name": "token_path",
                "type": "string",
                "value": "@triggerBody()['text_5']"
              }
            ]
          }
        }
      }
    },
    "templateName": ""
  },
  "schemaVersion": "1.0.0.0"
}