{
  "properties": {
    "connectionReferences": {
      "shared_commondataserviceforapps": {
        "runtimeSource": "embedded",
        "connection": {
          "connectionReferenceLogicalName": "new_sharedcommondataserviceforapps_6e1be"
        },
        "api": {
          "name": "shared_commondataserviceforapps"
        }
      }
    },
    "definition": {
      "$schema": "https://schema.management.azure.com/providers/Microsoft.Logic/schemas/2016-06-01/workflowdefinition.json#",
      "contentVersion": "1.0.0.0",
      "parameters": {
        "$connections": {
          "defaultValue": {},
          "type": "Object"
        },
        "$authentication": {
          "defaultValue": {},
          "type": "SecureObject"
        }
      },
      "triggers": {
        "manual": {
          "metadata": {
            "operationMetadataId": "0d387c58-a8ff-48f0-87a3-6b25a76c18bc"
          },
          "type": "Request",
          "kind": "PowerAppV2",
          "inputs": {
            "schema": {
              "type": "object",
              "properties": {
                "text": {
                  "title": "Parent",
                  "type": "string",
                  "x-ms-dynamically-added": true,
                  "description": "Please enter your input",
                  "x-ms-content-hint": "TEXT"
                },
                "number": {
                  "title": "ParentQty",
                  "type": "number",
                  "x-ms-dynamically-added": true,
                  "description": "Please enter a number",
                  "x-ms-content-hint": "NUMBER"
                },
                "text_1": {
                  "title": "ParentUoM",
                  "type": "string",
                  "x-ms-dynamically-added": true,
                  "description": "Please enter your input",
                  "x-ms-content-hint": "TEXT"
                },
                "text_2": {
                  "title": "Child",
                  "type": "string",
                  "x-ms-dynamically-added": true,
                  "description": "Please enter your input",
                  "x-ms-content-hint": "TEXT"
                },
                "number_1": {
                  "title": "ChildQty",
                  "type": "number",
                  "x-ms-dynamically-added": true,
                  "description": "Please enter a number",
                  "x-ms-content-hint": "NUMBER"
                },
                "text_3": {
                  "title": "ChildUoM",
                  "type": "string",
                  "x-ms-dynamically-added": true,
                  "description": "Please enter your input",
                  "x-ms-content-hint": "TEXT"
                },
                "text_4": {
                  "title": "Comment",
                  "type": "string",
                  "x-ms-dynamically-added": true,
                  "description": "Please enter your input",
                  "x-ms-content-hint": "TEXT"
                },
                "text_5": {
                  "title": "clientId",
                  "type": "string",
                  "x-ms-dynamically-added": true,
                  "description": "Please enter your input",
                  "x-ms-content-hint": "TEXT"
                },
                "text_6": {
                  "title": "clientSecret",
                  "type": "string",
                  "x-ms-dynamically-added": true,
                  "description": "Please enter your input",
                  "x-ms-content-hint": "TEXT"
                },
                "text_7": {
                  "title": "environmentId",
                  "type": "string",
                  "x-ms-dynamically-added": true,
                  "description": "Please enter your input",
                  "x-ms-content-hint": "TEXT"
                },
                "text_8": {
                  "title": "tokenPath",
                  "type": "string",
                  "x-ms-dynamically-added": true,
                  "description": "Please enter your input",
                  "x-ms-content-hint": "TEXT"
                },
                "text_9": {
                  "title": "tokenScope",
                  "type": "string",
                  "x-ms-dynamically-added": true,
                  "description": "Please enter your input",
                  "x-ms-content-hint": "TEXT"
                },
                "text_10": {
                  "title": "APIPath",
                  "type": "string",
                  "x-ms-dynamically-added": true,
                  "description": "Please enter your input",
                  "x-ms-content-hint": "TEXT"
                }
              },
              "required": [
                "text",
                "number",
                "text_1",
                "text_2",
                "number_1",
                "text_3",
                "text_4",
                "text_5",
                "text_6",
                "text_7",
                "text_8",
                "text_9",
                "text_10"
              ]
            }
          }
        }
      },
      "actions": {
        "Run_a_Child_Flow": {
          "runAfter": {
            "ChildUoM": [
              "Succeeded"
            ]
          },
          "metadata": {
            "operationMetadataId": "ac52c230-98d4-43e5-aeb3-e51e59eaa317"
          },
          "type": "Workflow",
          "inputs": {
            "host": {
              "workflowReferenceName": "813885a6-1370-ef11-a671-6045bd0aa070"
            },
            "body": {
              "text": "@triggerBody()['text_5']",
              "text_1": "@triggerBody()['text_6']",
              "text_2": "@triggerBody()['text_7']",
              "text_4": "@triggerBody()['text_9']",
              "text_5": "@triggerBody()['text_8']"
            }
          }
        },
        "LinkGenealogy": {
          "runAfter": {
            "Run_a_Child_Flow": [
              "Succeeded"
            ]
          },
          "metadata": {
            "operationMetadataId": "42b61d7d-c28b-4ece-ac06-ac871203370a"
          },
          "type": "Http",
          "inputs": {
            "method": "POST",
            "uri": "@{triggerBody()['text_10']}/api/environments/@{triggerBody()['text_7']}/events/post-batch-events",
            "headers": {
              "Content-Type": "application/json",
              "Authorization": "Bearer @{body('Run_a_Child_Flow')?['access_token']}"
            },
            "body": [
              {
                "eventId": "@{guid()}",
                "companyCode": "@{split(variables('Parent'), '~')[1]}",
                "operator": "PowerApps",
                "description": "Assemble @{split(variables('Child'), '~')[0]} to @{split(variables('Parent'), '~')[0]}",
                "activityType": "Production",
                "activityCode": "Consumption",
                "datetime": "@{formatDateTime(utcNow(), 'yyyy-MM-ddTHH:mm:ssZ')}",
                "details": {
                  "Comment": "@{variables('Comment')}"
                },
                "consumptionTransactions": [
                  {
                    "TransactionId": null,
                    "itemID": "@{split(variables('Child'), '~')[0]}",
                    "TrackingId": "@{variables('Child')}",
                    "assetId": "@{split(variables('Child'), '~')[4]}",
                    "lotId": "@{split(variables('Child'), '~')[5]}",
                    "batchId": "@{split(variables('Child'), '~')[2]}",
                    "serialId": "@{split(variables('Child'), '~')[3]}",
                    "quantity": "@variables('ChildQty')",
                    "UnitOfMeasure": "@{variables('ChildUoM')}"
                  }
                ],
                "ProductTransactions": [
                  {
                    "transactionId": null,
                    "itemID": "@{split(variables('Parent'), '~')[0]}",
                    "trackingId": "@{variables('Parent')}",
                    "assetId": "@{split(variables('Parent'), '~')[4]}",
                    "lotId": "@{split(variables('Parent'), '~')[5]}",
                    "batchId": "@{split(variables('Parent'), '~')[2]}",
                    "serialId": "@{split(variables('Parent'), '~')[3]}",
                    "quantity": "@variables('ParentQty')",
                    "unitOfMeasure": "@{variables('ParentUoM')}"
                  }
                ]
              }
            ]
          }
        },
        "Parent": {
          "runAfter": {},
          "metadata": {
            "operationMetadataId": "4c2e6297-813c-4a09-b1ed-4e0072ea94a0"
          },
          "type": "InitializeVariable",
          "inputs": {
            "variables": [
              {
                "name": "Parent",
                "type": "string",
                "value": "@triggerBody()['text']"
              }
            ]
          }
        },
        "Child": {
          "runAfter": {
            "Parent": [
              "Succeeded"
            ]
          },
          "metadata": {
            "operationMetadataId": "503853dd-b54e-4c80-8a25-795062c7d9e6"
          },
          "type": "InitializeVariable",
          "inputs": {
            "variables": [
              {
                "name": "Child",
                "type": "string",
                "value": "@triggerBody()['text_2']"
              }
            ]
          }
        },
        "ParentQty": {
          "runAfter": {
            "Child": [
              "Succeeded"
            ]
          },
          "metadata": {
            "operationMetadataId": "0de75e99-54a5-4d81-be32-c0b1c7de75e5"
          },
          "type": "InitializeVariable",
          "inputs": {
            "variables": [
              {
                "name": "ParentQty",
                "type": "float",
                "value": "@triggerBody()['number']"
              }
            ]
          }
        },
        "ParentUoM": {
          "runAfter": {
            "ParentQty": [
              "Succeeded"
            ]
          },
          "metadata": {
            "operationMetadataId": "6ddb45af-3046-43e5-858a-11e35ddb9314"
          },
          "type": "InitializeVariable",
          "inputs": {
            "variables": [
              {
                "name": "ParentUoM",
                "type": "string",
                "value": "@triggerBody()['text_1']"
              }
            ]
          }
        },
        "Comment": {
          "runAfter": {
            "ParentUoM": [
              "Succeeded"
            ]
          },
          "metadata": {
            "operationMetadataId": "e6e66b75-7d8d-465b-906e-3f739765f770"
          },
          "type": "InitializeVariable",
          "inputs": {
            "variables": [
              {
                "name": "Comment",
                "type": "string",
                "value": "@triggerBody()['text_4']"
              }
            ]
          }
        },
        "ChildQty": {
          "runAfter": {
            "Comment": [
              "Succeeded"
            ]
          },
          "metadata": {
            "operationMetadataId": "04980509-45c3-4d63-b8a8-cf92dc3bbd5e"
          },
          "type": "InitializeVariable",
          "inputs": {
            "variables": [
              {
                "name": "ChildQty",
                "type": "float",
                "value": "@triggerBody()['number_1']"
              }
            ]
          }
        },
        "ChildUoM": {
          "runAfter": {
            "ChildQty": [
              "Succeeded"
            ]
          },
          "metadata": {
            "operationMetadataId": "f874b705-310c-4867-8c39-865ba17e4beb"
          },
          "type": "InitializeVariable",
          "inputs": {
            "variables": [
              {
                "name": "ChildUoM",
                "type": "string",
                "value": "@triggerBody()['text_3']"
              }
            ]
          }
        },
        "Condition": {
          "actions": {
            "List_rows": {
              "runAfter": {},
              "metadata": {
                "operationMetadataId": "12148aa0-4bf8-497b-9d25-911fa2e0f9ba"
              },
              "type": "OpenApiConnection",
              "inputs": {
                "host": {
                  "connectionName": "shared_commondataserviceforapps",
                  "operationId": "ListRecords",
                  "apiId": "/providers/Microsoft.PowerApps/apis/shared_commondataserviceforapps"
                },
                "parameters": {
                  "entityName": "new_traceabilitycaches",
                  "$filter": "new_parent eq '@{variables('Parent')}' and new_child eq '@{variables('Child')}'"
                },
                "authentication": "@parameters('$authentication')"
              }
            },
            "Condition_2": {
              "actions": {
                "Apply_to_each": {
                  "foreach": "@outputs('List_rows')?['body/value']",
                  "actions": {
                    "Update_a_row": {
                      "runAfter": {},
                      "metadata": {
                        "operationMetadataId": "b1097910-b347-494d-935c-0471d1e72738"
                      },
                      "type": "OpenApiConnection",
                      "inputs": {
                        "host": {
                          "connectionName": "shared_commondataserviceforapps",
                          "operationId": "UpdateRecord",
                          "apiId": "/providers/Microsoft.PowerApps/apis/shared_commondataserviceforapps"
                        },
                        "parameters": {
                          "entityName": "new_traceabilitycaches",
                          "recordId": "@items('Apply_to_each')?['new_traceabilitycacheid']",
                          "item/new_childremoved": false
                        },
                        "authentication": "@parameters('$authentication')"
                      }
                    }
                  },
                  "runAfter": {},
                  "metadata": {
                    "operationMetadataId": "d76393e8-757d-4b49-82d8-c07874bb180c"
                  },
                  "type": "Foreach"
                }
              },
              "runAfter": {
                "List_rows": [
                  "Succeeded"
                ]
              },
              "else": {
                "actions": {
                  "Add_a_new_row": {
                    "runAfter": {},
                    "metadata": {
                      "operationMetadataId": "7cb42a3e-bcb8-4191-a6d6-2f860fde8614"
                    },
                    "type": "OpenApiConnection",
                    "inputs": {
                      "host": {
                        "connectionName": "shared_commondataserviceforapps",
                        "operationId": "CreateRecord",
                        "apiId": "/providers/Microsoft.PowerApps/apis/shared_commondataserviceforapps"
                      },
                      "parameters": {
                        "entityName": "new_traceabilitycaches",
                        "item/new_child": "@variables('Child')",
                        "item/new_childasset": "@split(variables('Child'),'~')[4]",
                        "item/new_childbatch": "@split(variables('Child'),'~')[2]",
                        "item/new_childcompany": "@split(variables('Child'),'~')[1]",
                        "item/new_childitem": "@split(variables('Child'),'~')[0]",
                        "item/new_childlot": "@split(variables('Child'),'~')[5]",
                        "item/new_childremoved": false,
                        "item/new_childserial": "@split(variables('Child'),'~')[3]",
                        "item/new_parent": "@variables('Parent')"
                      },
                      "authentication": "@parameters('$authentication')"
                    }
                  }
                }
              },
              "expression": {
                "equals": [
                  "@empty(outputs('List_rows')?['body/value'])",
                  "@false"
                ]
              },
              "metadata": {
                "operationMetadataId": "4c51be29-4951-493f-a7ee-299c831357cc"
              },
              "type": "If"
            }
          },
          "runAfter": {
            "LinkGenealogy": [
              "Succeeded"
            ]
          },
          "expression": {
            "equals": [
              "@outputs('LinkGenealogy')['statusCode']",
              204
            ]
          },
          "metadata": {
            "operationMetadataId": "f76b81d2-9fce-4375-a034-1a87bc08cfbc"
          },
          "type": "If"
        }
      }
    },
    "templateName": ""
  },
  "schemaVersion": "1.0.0.0"
}