{
  "properties": {
    "connectionReferences": {
      "shared_commondataserviceforapps": {
        "runtimeSource": "embedded",
        "connection": {
          "connectionReferenceLogicalName": "new_sharedcommondataserviceforapps_6e1be"
        },
        "api": {
          "name": "shared_commondataserviceforapps"
        }
      }
    },
    "definition": {
      "$schema": "https://schema.management.azure.com/providers/Microsoft.Logic/schemas/2016-06-01/workflowdefinition.json#",
      "contentVersion": "1.0.0.0",
      "parameters": {
        "$connections": {
          "defaultValue": {},
          "type": "Object"
        },
        "$authentication": {
          "defaultValue": {},
          "type": "SecureObject"
        }
      },
      "triggers": {
        "manual": {
          "metadata": {
            "operationMetadataId": "d75f5599-b55b-4da3-bd6e-658b504aa041"
          },
          "type": "Request",
          "kind": "PowerAppV2",
          "inputs": {
            "schema": {
              "type": "object",
              "properties": {
                "text": {
                  "title": "TrackingID",
                  "type": "string",
                  "x-ms-dynamically-added": true,
                  "description": "Please enter your input",
                  "x-ms-content-hint": "TEXT"
                },
                "text_1": {
                  "title": "clientId",
                  "type": "string",
                  "x-ms-dynamically-added": true,
                  "description": "Please enter your input",
                  "x-ms-content-hint": "TEXT"
                },
                "text_2": {
                  "title": "clientSecret",
                  "type": "string",
                  "x-ms-dynamically-added": true,
                  "description": "Please enter your input",
                  "x-ms-content-hint": "TEXT"
                },
                "text_3": {
                  "title": "environmentId",
                  "type": "string",
                  "x-ms-dynamically-added": true,
                  "description": "Please enter your input",
                  "x-ms-content-hint": "TEXT"
                },
                "text_4": {
                  "title": "tokenPath",
                  "type": "string",
                  "x-ms-dynamically-added": true,
                  "description": "Please enter your input",
                  "x-ms-content-hint": "TEXT"
                },
                "text_5": {
                  "title": "tokenScope",
                  "type": "string",
                  "x-ms-dynamically-added": true,
                  "description": "Please enter your input",
                  "x-ms-content-hint": "TEXT"
                },
                "text_6": {
                  "title": "APIPath",
                  "type": "string",
                  "x-ms-dynamically-added": true,
                  "description": "Please enter your input",
                  "x-ms-content-hint": "TEXT"
                }
              },
              "required": [
                "text",
                "text_1",
                "text_2",
                "text_3",
                "text_4",
                "text_5",
                "text_6"
              ]
            }
          }
        }
      },
      "actions": {
        "Run_a_Child_Flow": {
          "runAfter": {
            "Initialize_ChildTrackingID": [
              "Succeeded"
            ]
          },
          "metadata": {
            "operationMetadataId": "ac52c230-98d4-43e5-aeb3-e51e59eaa317"
          },
          "type": "Workflow",
          "inputs": {
            "host": {
              "workflowReferenceName": "813885a6-1370-ef11-a671-6045bd0aa070"
            },
            "body": {
              "text": "@triggerBody()['text_1']",
              "text_1": "@triggerBody()['text_2']",
              "text_2": "@triggerBody()['text_3']",
              "text_4": "@triggerBody()['text_5']",
              "text_5": "@triggerBody()['text_4']"
            }
          }
        },
        "TraceabilityQuery": {
          "runAfter": {
            "Run_a_Child_Flow": [
              "Succeeded"
            ]
          },
          "metadata": {
            "operationMetadataId": "42b61d7d-c28b-4ece-ac06-ac871203370a"
          },
          "type": "Http",
          "inputs": {
            "method": "POST",
            "uri": "@{triggerBody()['text_6']}/api/environments/@{triggerBody()['text_3']}/traces/Query",
            "headers": {
              "Content-Type": "application/json",
              "Authorization": "Bearer @{body('Run_a_Child_Flow')?['access_token']}"
            },
            "body": {
              "tracingDirection": "Backward",
              "trackingId": "@{variables('ParentTrackingID')}",
              "ShouldGenerateSummary": "false",
              "shouldIncludeEvents": "false",
              "traceNodeOption": "BuildNodeDictionary",
              "eventDetailOption": "EventIdOnly"
            }
          }
        },
        "Initialize_ParentTrackingID": {
          "runAfter": {},
          "metadata": {
            "operationMetadataId": "7be0d835-5dbe-42ff-a3f5-b56b93bde261"
          },
          "type": "InitializeVariable",
          "inputs": {
            "variables": [
              {
                "name": "ParentTrackingID",
                "type": "string",
                "value": "@triggerBody()['text']"
              }
            ]
          }
        },
        "Condition": {
          "actions": {
            "Condition_2": {
              "actions": {
                "Apply_to_each": {
                  "foreach": "@body('Parse_TraceabilityQuery')?['root']?['nextIds']",
                  "actions": {
                    "Condition_3": {
                      "actions": {
                        "Add_a_new_row": {
                          "runAfter": {},
                          "metadata": {
                            "operationMetadataId": "eedeaaba-9af4-420a-adb6-7c9ef5ff9201"
                          },
                          "type": "OpenApiConnection",
                          "inputs": {
                            "host": {
                              "connectionName": "shared_commondataserviceforapps",
                              "operationId": "CreateRecord",
                              "apiId": "/providers/Microsoft.PowerApps/apis/shared_commondataserviceforapps"
                            },
                            "parameters": {
                              "entityName": "new_traceabilitycaches",
                              "item/new_child": "@variables('ChildTrackingID')",
                              "item/new_childasset": "@split(variables('ChildTrackingID'),'~')[4]",
                              "item/new_childbatch": "@split(variables('ChildTrackingID'),'~')[2]",
                              "item/new_childcompany": "@split(variables('ChildTrackingID'),'~')[1]",
                              "item/new_childitem": "@split(variables('ChildTrackingID'),'~')[0]",
                              "item/new_childlot": "@split(variables('ChildTrackingID'),'~')[5]",
                              "item/new_childremoved": false,
                              "item/new_childserial": "@split(variables('ChildTrackingID'),'~')[3]",
                              "item/new_parent": "@variables('ParentTrackingID')"
                            },
                            "authentication": "@parameters('$authentication')"
                          }
                        }
                      },
                      "runAfter": {
                        "List_rows": [
                          "Succeeded"
                        ]
                      },
                      "expression": {
                        "equals": [
                          "@empty(outputs('List_rows')?['body/value'])",
                          "@true"
                        ]
                      },
                      "metadata": {
                        "operationMetadataId": "26355441-8121-42e6-a0db-16fc211d602e"
                      },
                      "type": "If"
                    },
                    "Set_variable": {
                      "runAfter": {},
                      "metadata": {
                        "operationMetadataId": "064e99d3-28c0-49c0-9102-6c33967741e8"
                      },
                      "type": "SetVariable",
                      "inputs": {
                        "name": "ChildTrackingID",
                        "value": "@{items('Apply_to_each')}"
                      }
                    },
                    "List_rows": {
                      "runAfter": {
                        "Set_variable": [
                          "Succeeded"
                        ]
                      },
                      "metadata": {
                        "operationMetadataId": "86872c3e-4ff9-4de1-a3e5-467dd83de685"
                      },
                      "type": "OpenApiConnection",
                      "inputs": {
                        "host": {
                          "connectionName": "shared_commondataserviceforapps",
                          "operationId": "ListRecords",
                          "apiId": "/providers/Microsoft.PowerApps/apis/shared_commondataserviceforapps"
                        },
                        "parameters": {
                          "entityName": "new_traceabilitycaches",
                          "$filter": "new_parent eq '@{variables('ParentTrackingID')}' and new_child eq '@{variables('ChildTrackingID')}'"
                        },
                        "authentication": "@parameters('$authentication')"
                      }
                    }
                  },
                  "runAfter": {},
                  "metadata": {
                    "operationMetadataId": "240082f9-6808-43f9-8053-3622aaa273ca"
                  },
                  "type": "Foreach"
                }
              },
              "runAfter": {
                "Parse_TraceabilityQuery": [
                  "Succeeded"
                ]
              },
              "expression": {
                "equals": [
                  "@empty(body('Parse_TraceabilityQuery')?['root']?['nextIds'])",
                  "@false"
                ]
              },
              "metadata": {
                "operationMetadataId": "a3eb2721-6cdf-4c4a-817a-5ec8dd133445"
              },
              "type": "If"
            },
            "Parse_TraceabilityQuery": {
              "runAfter": {},
              "metadata": {
                "operationMetadataId": "2addbf3d-c393-4278-b8e8-08cfdc1c7655"
              },
              "type": "ParseJson",
              "inputs": {
                "content": "@body('TraceabilityQuery')",
                "schema": {
                  "type": "object",
                  "properties": {
                    "tracingDirection": {
                      "type": "string"
                    },
                    "root": {
                      "type": "object",
                      "properties": {
                        "trackingId": {
                          "type": "string"
                        },
                        "next": {
                          "type": "array"
                        },
                        "nextIds": {
                          "type": "array",
                          "items": {
                            "type": "string"
                          }
                        },
                        "events": {
                          "type": "array",
                          "items": {
                            "type": "object",
                            "properties": {
                              "eventId": {
                                "type": "string"
                              }
                            },
                            "required": [
                              "eventId"
                            ]
                          }
                        }
                      }
                    }
                  }
                }
              }
            }
          },
          "runAfter": {
            "TraceabilityQuery": [
              "Succeeded"
            ]
          },
          "expression": {
            "not": {
              "equals": [
                "@outputs('TraceabilityQuery')['statusCode']",
                404
              ]
            }
          },
          "metadata": {
            "operationMetadataId": "f0e56ac9-cb45-4786-bc2e-98c72ea1045b"
          },
          "type": "If"
        },
        "Initialize_ChildTrackingID": {
          "runAfter": {
            "Initialize_ParentTrackingID": [
              "Succeeded"
            ]
          },
          "metadata": {
            "operationMetadataId": "c945ac77-fdd0-4a68-9da2-7e9939dbcf64"
          },
          "type": "InitializeVariable",
          "inputs": {
            "variables": [
              {
                "name": "ChildTrackingID",
                "type": "string"
              }
            ]
          }
        },
        "List_all_removed_node": {
          "runAfter": {
            "Condition": [
              "Succeeded"
            ]
          },
          "metadata": {
            "operationMetadataId": "caccf1a5-63a2-4e60-9d08-8045785c2f4e"
          },
          "type": "OpenApiConnection",
          "inputs": {
            "host": {
              "connectionName": "shared_commondataserviceforapps",
              "operationId": "ListRecords",
              "apiId": "/providers/Microsoft.PowerApps/apis/shared_commondataserviceforapps"
            },
            "parameters": {
              "entityName": "new_traceabilitycaches",
              "$filter": "new_parent eq '@{variables('ParentTrackingID')}' and modifiedon le '@{formatDateTime(addMinutes(utcNow(), -31), 'yyyy-MM-ddTHH:mm:ssZ')}' and new_childremoved eq true"
            },
            "authentication": "@parameters('$authentication')"
          }
        },
        "Apply_to_each_3": {
          "foreach": "@outputs('List_all_removed_node')?['body/value']",
          "actions": {
            "Delete_a_row": {
              "runAfter": {},
              "metadata": {
                "operationMetadataId": "15d5eee0-f281-4b60-bfdf-f370034d366f"
              },
              "type": "OpenApiConnection",
              "inputs": {
                "host": {
                  "connectionName": "shared_commondataserviceforapps",
                  "operationId": "DeleteRecord",
                  "apiId": "/providers/Microsoft.PowerApps/apis/shared_commondataserviceforapps"
                },
                "parameters": {
                  "entityName": "new_traceabilitycaches",
                  "recordId": "@items('Apply_to_each_3')?['new_traceabilitycacheid']"
                },
                "authentication": "@parameters('$authentication')"
              }
            }
          },
          "runAfter": {
            "List_all_removed_node": [
              "Succeeded"
            ]
          },
          "metadata": {
            "operationMetadataId": "dbc1fd37-d4b6-4f56-ae2f-8c0aa1978add"
          },
          "type": "Foreach"
        }
      }
    },
    "templateName": ""
  },
  "schemaVersion": "1.0.0.0"
}