{
  "properties": {
    "connectionReferences": {
      "shared_commondataserviceforapps": {
        "runtimeSource": "embedded",
        "connection": {
          "connectionReferenceLogicalName": "new_sharedcommondataserviceforapps_6e1be"
        },
        "api": {
          "name": "shared_commondataserviceforapps"
        }
      }
    },
    "definition": {
      "$schema": "https://schema.management.azure.com/providers/Microsoft.Logic/schemas/2016-06-01/workflowdefinition.json#",
      "contentVersion": "1.0.0.0",
      "parameters": {
        "$connections": {
          "defaultValue": {},
          "type": "Object"
        },
        "$authentication": {
          "defaultValue": {},
          "type": "SecureObject"
        }
      },
      "triggers": {
        "manual": {
          "metadata": {
            "operationMetadataId": "ea3bd2ea-d2a5-4846-b148-5cdf96e76c32"
          },
          "type": "Request",
          "kind": "PowerAppV2",
          "inputs": {
            "schema": {
              "type": "object",
              "properties": {
                "text": {
                  "title": "Parent",
                  "type": "string",
                  "x-ms-dynamically-added": true,
                  "description": "Please enter your input",
                  "x-ms-content-hint": "TEXT"
                },
                "text_1": {
                  "title": "Child",
                  "type": "string",
                  "x-ms-dynamically-added": true,
                  "description": "Please enter your input",
                  "x-ms-content-hint": "TEXT"
                },
                "number": {
                  "title": "Qty",
                  "type": "number",
                  "x-ms-dynamically-added": true,
                  "description": "Please enter a number",
                  "x-ms-content-hint": "NUMBER"
                },
                "text_2": {
                  "title": "UoM",
                  "type": "string",
                  "x-ms-dynamically-added": true,
                  "description": "Please enter your input",
                  "x-ms-content-hint": "TEXT"
                },
                "text_3": {
                  "title": "Reason",
                  "type": "string",
                  "x-ms-dynamically-added": true,
                  "description": "Please enter your input",
                  "x-ms-content-hint": "TEXT"
                },
                "text_4": {
                  "title": "clientId",
                  "type": "string",
                  "x-ms-dynamically-added": true,
                  "description": "Please enter your input",
                  "x-ms-content-hint": "TEXT"
                },
                "text_5": {
                  "title": "clientSecret",
                  "type": "string",
                  "x-ms-dynamically-added": true,
                  "description": "Please enter your input",
                  "x-ms-content-hint": "TEXT"
                },
                "text_6": {
                  "title": "environmentId",
                  "type": "string",
                  "x-ms-dynamically-added": true,
                  "description": "Please enter your input",
                  "x-ms-content-hint": "TEXT"
                },
                "text_7": {
                  "title": "tokenPath",
                  "type": "string",
                  "x-ms-dynamically-added": true,
                  "description": "Please enter your input",
                  "x-ms-content-hint": "TEXT"
                },
                "text_8": {
                  "title": "tokenScope",
                  "type": "string",
                  "x-ms-dynamically-added": true,
                  "description": "Please enter your input",
                  "x-ms-content-hint": "TEXT"
                },
                "text_9": {
                  "title": "APIPath",
                  "type": "string",
                  "x-ms-dynamically-added": true,
                  "description": "Please enter your input",
                  "x-ms-content-hint": "TEXT"
                }
              },
              "required": [
                "text",
                "text_1",
                "number",
                "text_2",
                "text_3",
                "text_4",
                "text_5",
                "text_6",
                "text_7",
                "text_8",
                "text_9"
              ]
            }
          }
        }
      },
      "actions": {
        "Run_a_Child_Flow": {
          "runAfter": {
            "Reason": [
              "Succeeded"
            ]
          },
          "metadata": {
            "operationMetadataId": "ac52c230-98d4-43e5-aeb3-e51e59eaa317"
          },
          "type": "Workflow",
          "inputs": {
            "host": {
              "workflowReferenceName": "813885a6-1370-ef11-a671-6045bd0aa070"
            },
            "body": {
              "text": "@triggerBody()['text_4']",
              "text_1": "@triggerBody()['text_5']",
              "text_2": "@triggerBody()['text_6']",
              "text_4": "@triggerBody()['text_8']",
              "text_5": "@triggerBody()['text_7']"
            }
          }
        },
        "UnlinkGenealogy": {
          "runAfter": {
            "Run_a_Child_Flow": [
              "Succeeded"
            ]
          },
          "metadata": {
            "operationMetadataId": "42b61d7d-c28b-4ece-ac06-ac871203370a"
          },
          "type": "Http",
          "inputs": {
            "method": "POST",
            "uri": "@{triggerBody()['text_9']}/api/environments/@{triggerBody()['text_6']}/events/unlink-components",
            "headers": {
              "Content-Type": "application/json",
              "Authorization": "Bearer @{body('Run_a_Child_Flow')?['access_token']}"
            },
            "body": {
              "RequestId": "@{guid()}",
              "EventList": [
                {
                  "eventId": "@{guid()}",
                  "companyCode": "@{split(variables('Parent'),'~')[1]}",
                  "operator": "PowerApps",
                  "description": "Remove @{split(variables('Child'),'~')[0]} from @{split(variables('Parent'),'~')[0]}",
                  "activityType": "Production",
                  "activityCode": "FullRemove",
                  "datetime": "@{formatDateTime(utcNow(),'yyyy-MM-ddTHH:mm:ssZ')}",
                  "details": {
                    "Reason": "@{variables('Reason')}"
                  },
                  "consumptionTransactions": [
                    {
                      "TransactionId": null,
                      "itemID": "@{split(variables('Child'),'~')[0]}",
                      "TrackingId": "@{variables('Child')}",
                      "assetId": "@{split(variables('Child'),'~')[4]}",
                      "lotId": "@{split(variables('Child'),'~')[5]}",
                      "batchId": "@{split(variables('Child'),'~')[2]}",
                      "serialId": "@{split(variables('Child'),'~')[3]}",
                      "quantity": "@variables('Qty')",
                      "UnitOfMeasure": "@{variables('UoM')}"
                    }
                  ],
                  "ProductTransactions": [
                    {
                      "transactionId": null,
                      "itemID": "@{split(variables('Parent'),'~')[0]}",
                      "trackingId": "@{variables('Parent')}",
                      "assetId": "@{split(variables('Parent'),'~')[4]}",
                      "lotId": "@{split(variables('Parent'),'~')[5]}",
                      "batchId": "@{split(variables('Parent'),'~')[2]}",
                      "serialId": "@{split(variables('Parent'),'~')[3]}",
                      "quantity": 0,
                      "unitOfMeasure": "ea"
                    }
                  ]
                }
              ]
            }
          }
        },
        "Parent": {
          "runAfter": {},
          "metadata": {
            "operationMetadataId": "1966c445-922b-4885-8320-dd382f892aae"
          },
          "type": "InitializeVariable",
          "inputs": {
            "variables": [
              {
                "name": "Parent",
                "type": "string",
                "value": "@triggerBody()['text']"
              }
            ]
          }
        },
        "Child": {
          "runAfter": {
            "Parent": [
              "Succeeded"
            ]
          },
          "metadata": {
            "operationMetadataId": "8a45a15f-3330-4c7e-9b35-a5f971d905d3"
          },
          "type": "InitializeVariable",
          "inputs": {
            "variables": [
              {
                "name": "Child",
                "type": "string",
                "value": "@triggerBody()['text_1']"
              }
            ]
          }
        },
        "Qty": {
          "runAfter": {
            "Child": [
              "Succeeded"
            ]
          },
          "metadata": {
            "operationMetadataId": "0046e2df-a998-441b-8783-e88d1db77f73"
          },
          "type": "InitializeVariable",
          "inputs": {
            "variables": [
              {
                "name": "Qty",
                "type": "float",
                "value": "@triggerBody()['number']"
              }
            ]
          }
        },
        "UoM": {
          "runAfter": {
            "Qty": [
              "Succeeded"
            ]
          },
          "metadata": {
            "operationMetadataId": "7d1d9563-3c8c-44fa-8277-1ba3101cdbc0"
          },
          "type": "InitializeVariable",
          "inputs": {
            "variables": [
              {
                "name": "UoM",
                "type": "string",
                "value": "@triggerBody()['text_2']"
              }
            ]
          }
        },
        "Reason": {
          "runAfter": {
            "UoM": [
              "Succeeded"
            ]
          },
          "metadata": {
            "operationMetadataId": "ca774bec-d93f-40d0-b1bb-294ca60009a2"
          },
          "type": "InitializeVariable",
          "inputs": {
            "variables": [
              {
                "name": "Reason",
                "type": "string",
                "value": "@triggerBody()['text_3']"
              }
            ]
          }
        },
        "Condition": {
          "actions": {
            "List_rows": {
              "runAfter": {},
              "metadata": {
                "operationMetadataId": "0ac1aae0-4e00-4d18-a57f-65180bf8851e"
              },
              "type": "OpenApiConnection",
              "inputs": {
                "host": {
                  "connectionName": "shared_commondataserviceforapps",
                  "operationId": "ListRecords",
                  "apiId": "/providers/Microsoft.PowerApps/apis/shared_commondataserviceforapps"
                },
                "parameters": {
                  "entityName": "new_traceabilitycaches",
                  "$filter": "new_parent eq '@{variables('Parent')}' and new_child eq '@{variables('Child')}'"
                },
                "authentication": "@parameters('$authentication')"
              }
            },
            "Apply_to_each": {
              "foreach": "@outputs('List_rows')?['body/value']",
              "actions": {
                "Update_a_row": {
                  "runAfter": {},
                  "metadata": {
                    "operationMetadataId": "5e2089b3-c7b5-4c10-bfe9-390e87a0f970"
                  },
                  "type": "OpenApiConnection",
                  "inputs": {
                    "host": {
                      "connectionName": "shared_commondataserviceforapps",
                      "operationId": "UpdateRecord",
                      "apiId": "/providers/Microsoft.PowerApps/apis/shared_commondataserviceforapps"
                    },
                    "parameters": {
                      "entityName": "new_traceabilitycaches",
                      "recordId": "@items('Apply_to_each')?['new_traceabilitycacheid']",
                      "item/new_childremoved": true
                    },
                    "authentication": "@parameters('$authentication')"
                  }
                }
              },
              "runAfter": {
                "List_rows": [
                  "Succeeded"
                ]
              },
              "metadata": {
                "operationMetadataId": "87cad3e3-e6da-45f2-83cc-947e194e0a8b"
              },
              "type": "Foreach"
            }
          },
          "runAfter": {
            "UnlinkGenealogy": [
              "Succeeded"
            ]
          },
          "expression": {
            "equals": [
              "@outputs('UnlinkGenealogy')['statusCode']",
              204
            ]
          },
          "metadata": {
            "operationMetadataId": "3160382f-e0ce-4d85-8f98-65eefc051967"
          },
          "type": "If"
        }
      }
    },
    "templateName": ""
  },
  "schemaVersion": "1.0.0.0"
}